Goodstart Early Learning Melton - Centenary Avenue,158-192 Centenary Avenue Kurunjang,3.5
Bunnings Melton,149-169 Barries Road Melton,4.2
Platinum Accounting & Taxation,9 Alexandra Street Melton,5
Flight Centre Melton,533-555 High Street Melton,3.7
Goodstart Early Learning West Melton,12-14 James Cook Drive West Melton,5
Melton Dental Group,447 High Street Melton,4.7
Westcare Medical Centre,211 Barries Road Melton West,3.2
Woodgrove Shopping Centre,533-555 High Street Melton West,4.1
Melton Motor Inn,344 High Street Melton,3.9
Subway,Shop1 crn Coburns and Barries Rds Null Melton,3.7
Melton Waves,206 Coburns Road Melton,3.7
SubwayÂ® Restaurant,84 High Street Null Melton,3.7
Golden Fleece Hotel,257-263 High Street Melton,3.9
Q Lounge,20 McKenzie Street Melton,3.7
Vodafone,Woodgrove Shopping Centre 533-555 High Street Melton West,3.7
Red Rooster,Coburns Road Melton,3.3
Lazy Moe's Melton,439-441 High Street Melton,4.1
Melton Christian College,152-156 Brooklyn Road Brookfield,2.4
McDonald's Melton,Cnr Coburns & Barries Road West,3.3
Domino's Pizza Melton,298 High Street Melton,3.3
Raine & Horne Melton,289 High Street Melton,3.3
eyeclarity Melton,shopT103 / 533-555 High Street Woodgrove Shopping Centre Melton West,3.7
Kmart Tyre & Auto Service Melton,533-555 High Street Melton,4.2
Westwood Music Store & Music School Melton,3/44 Smith Street Melton,5
H's Place Hairstudio,41 McKenzie Street Melton,4.6
Australia Post - Melton Post Shop,340 High Street Melton,3.8
The High Street Melton Vet Clinic,475 High Street Melton,4.4
Ingenia Gardens Melton,23 Coburns Road Brookfield,4.2
Cooper Real Estate,284 High Street Melton,4.2
FoodWorks,413 High Street Melton,3.9
Grilled Hut Pizza,35/37 Scott Street Melton,4.1
Melton Police Station,243 Station Road Melton,2.4
ANZ Branch Melton,Woodgrove Shopping Centre 111/533-535 High Street Melton,1
Melton Health Services,195-209 Barries Road Melton West,3.7
Pad Thai Take Away & Restaurant,292 High Street Melton,4.5
Coles Woodgrove,Coburns Road Melton,3.8
Vinnies Melton,8 Wallace Square Melton,4.8
Willowbrae Melton Aged Care,116 Centenary Avenue Kurunjang,3
Melton Optical Services - Dr. Mario Borazio,22 Alexandra Street Melton,4.2
UNIQUE DAY SPA,508 High Street Melton,4.8
Charles Crawford & Sons,25 McKenzie Street Melton,4
The Cheesecake Shop Melton,shop 1/342 High Street Melton,3.8
Reading Cinemas Melton,Woodgrove Shopping Centre 533 High Street Melton,4.5
Prouds Jewellers,533-555 High St Melton West,3.7
Wedding Promises,Shop 4 239-255 High Street Melton,4.3
Lady And The Hair,Shop 22 Bakery Square Melton,4.4
Primary Dental Melton,247-251 Station Road Melton,4
P&L Mechanical Services,103 Brooklyn Road Melton South,4.3
Wedge Park Primary School,Cambrian Way West Melton.,3.6
Semex Pty Ltd.,10-12 Coburns Road Melton,5
Djerriwarrh Employment & Education Services,239 Station Rd. Melton,4.7
Scott Street Medical Centre,33 Scott Street Melton,2.8
MatchWorks,Shop L2 Woodgrove Shopping Centre 533-555 High St Melton,3
Ray White Melton,373 High Street Melton,4.3
Melton Library & Learning Hub,31 McKenzie Street Melton,4.6
Melton Secondary College,Coburns Road Melton,3
